label,index,alpha,mean,std,rel_norm
Label 1,0,0.1,0.07223482287794174,0.07392866626055339,0.022048833188900774
Label 1,0,0.5,0.2112477575471253,0.07387021238746733,0.10791784219234428
Label 1,0,0.75,0.31812557717814577,0.07416741798225829,0.15978906300251683
Label 1,0,1.0,0.43918670242664515,0.07435894504556771,0.2105810290119632
Label 1,0,1.5,0.711574554808287,0.07351767357341145,0.3092687185512857
Label 1,0,2.0,0.9922839443128134,0.07117697112143632,0.4046511676469431
Label 1,0,2.5,1.235836190605006,0.06959536804175807,0.496431780930868
Label 1,0,3.0,1.4026072555922946,0.07205416364781828,0.5829316091146975
Label 1,0,4.0,1.4792682418602416,0.08421588862744586,0.6838040162292247
Label 1,10,0.1,-0.015487825399080484,0.11131752165148187,0.014583305874707145
Label 1,10,0.5,0.010384419226477423,0.11163073557179119,0.0711215538169579
Label 1,10,0.75,0.026289152962321066,0.11190947845927225,0.10405700243813087
Label 1,10,1.0,0.042616705988565484,0.11232313703923255,0.1345369928109855
Label 1,10,1.5,0.07933041638376084,0.11357515036467822,0.18620833170591192
Label 1,10,2.0,0.12746128209720045,0.11548008299781483,0.22590160249120353
Label 1,10,2.5,0.1968102721598409,0.11733042862740721,0.25599540389938424
Label 1,10,3.0,0.2987920625228501,0.11808295759736845,0.2805374323585972
Label 1,10,4.0,0.61468206315218,0.1116257212215785,0.3273055566319641
Label 1,15,0.1,0.013107356381277808,0.14382820560108361,0.014710245638856246
Label 1,15,0.5,0.012809409260650703,0.14035111191943153,0.07481616912072636
Label 1,15,0.75,0.012050778576064994,0.13659421439873912,0.10891116831512614
Label 1,15,1.0,0.010988759511171975,0.1316146608958943,0.13913773380393116
Label 1,15,1.5,0.008319613095517608,0.118050181571573,0.1913641805080568
Label 1,15,2.0,0.00554296412183786,0.09998047488677342,0.24066070986083946
Label 1,15,2.5,0.0033179514015506603,0.07725964764112435,0.29208189058130274
Label 1,15,3.0,0.001953061442313088,0.049348663021852646,0.34559748646556193
Label 1,15,4.0,0.00016440489079727616,0.0029211012383872905,0.41377442783301555
Label 1,25,0.1,0.006812067734844704,0.1478313970672329,0.008242951843660164
Label 1,25,0.5,0.017556104796465213,0.1478625689555231,0.041194847091480497
Label 1,25,0.75,0.02687798099984898,0.14760157971511373,0.06202074743769018
Label 1,25,1.0,0.03932705349945394,0.14723138412594286,0.08315635173146643
Label 1,25,1.5,0.07705521161260918,0.1462824268401378,0.12620730317073073
Label 1,25,2.0,0.13696190626250648,0.14509081114372385,0.170151467987874
Label 1,25,2.5,0.22307642473503816,0.14339005673781777,0.2148191602458625
Label 1,25,3.0,0.33532864003549784,0.14069166915651124,0.26012339150794517
Label 1,25,4.0,0.6114129831176466,0.13051454604109405,0.35238947874980997
Label 1,100,0.1,-0.060008081696565865,0.1083765097384863,0.018677153636880606
Label 1,100,0.5,0.010992756069798928,0.1076863241865417,0.0879595820889524
Label 1,100,0.75,0.0640971729449161,0.10813093447355897,0.12672330205286775
Label 1,100,1.0,0.12436633434419135,0.10912158245508824,0.16245212646782303
Label 1,100,1.5,0.2657990015085845,0.11170534005349911,0.22590910212537113
Label 1,100,2.0,0.43020383453889033,0.1136540641671225,0.2819869149173407
Label 1,100,2.5,0.6080128271571816,0.11383681649078888,0.3342690294259256
Label 1,100,3.0,0.789915715950162,0.11143967190015779,0.3864520487120108
Label 1,100,4.0,1.142735559387422,0.09496693592434717,0.5049981296726496
Label 1,150,0.1,0.0006197636144986592,0.0635784018670491,0.006543665260735654
Label 1,150,0.5,9.287224459665969e-05,0.04753758941971588,0.032051958328443084
Label 1,150,0.75,-0.00012932029711923768,0.0389378388086485,0.047327449501995855
Label 1,150,1.0,-0.00018872675586555435,0.031865495391805464,0.06182990668615165
Label 1,150,1.5,-4.041547669497714e-05,0.019686025966334772,0.08850274722353212
Label 1,150,2.0,1.8057127892750352e-05,0.008249597217167478,0.10419185898748304
Label 1,150,2.5,-0.00014289309339175077,0.002741637917304867,0.1058510215686968
Label 1,150,3.0,0.000473793871021453,0.004883741948254662,0.10526992482154077
Label 1,150,4.0,0.0003881556432783276,0.004759624974154576,0.10542053505090118
Label 1,200,0.1,-0.054734083065115555,0.07252273575047126,0.03233784400469104
Label 1,200,0.5,0.024114853717383568,0.0721079960270411,0.15731344176087284
Label 1,200,0.75,0.08909564272068106,0.07318863725081623,0.23010357923608762
Label 1,200,1.0,0.1690805755262792,0.07474716403985578,0.2992855931135574
Label 1,200,1.5,0.37455002066803944,0.07762236445423958,0.42905236935143587
Label 1,200,2.0,0.6268542562302695,0.07864691868267566,0.5509449059655238
Label 1,200,2.5,0.8948255534136629,0.07739235953085871,0.6666917215827624
Label 1,200,3.0,1.1401541433324947,0.0750532654877867,0.7766139817863847
Label 1,200,4.0,1.4417179461294563,0.07630366546133147,0.974885928524512
Label 2,0,0.1,0.43835137827649767,0.4026968855864715,0.03055721951030606
Label 2,0,0.5,0.5686800044275424,0.40321033310732013,0.15358757772880471
Label 2,0,0.75,0.6492378923472023,0.4038410503104417,0.23111078452029027
Label 2,0,1.0,0.7284046074129868,0.4047022842494219,0.3090700627480737
Label 2,0,1.5,0.8803950104338563,0.40705841791999775,0.46627698343405766
Label 2,0,2.0,1.0207490848481593,0.41014401492071595,0.6250116326830142
Label 2,0,2.5,1.1464453237060925,0.4137735648961122,0.7849748645029565
Label 2,0,3.0,1.2555527935654105,0.41771231635238365,0.9456417517406086
Label 2,0,4.0,1.4223747789972763,0.4253602387335278,1.264653450772482
Label 2,10,0.1,0.7078280359021443,0.4101823557681166,0.020242287483353025
Label 2,10,0.5,0.8145566223801521,0.41107317859422277,0.1010020880845399
Label 2,10,0.75,0.8786034218621994,0.41188528237965333,0.1511980797779878
Label 2,10,1.0,0.940202486017969,0.4128861220793378,0.20109498759733188
Label 2,10,1.5,1.0549303435713124,0.41537024394520305,0.29953398399131004
Label 2,10,2.0,1.1569619799218445,0.41834447556613946,0.39536813067601917
Label 2,10,2.5,1.2453564576044367,0.4215620902616852,0.48735371279976586
Label 2,10,3.0,1.3200846337186651,0.42472551833876293,0.5738985626993843
Label 2,10,4.0,1.4327327193043968,0.42967121805941066,0.7235040045885955
Label 2,15,0.1,0.5365157453378471,0.43414950658391555,0.01353042387839993
Label 2,15,0.5,0.6154277541266884,0.432807863728267,0.0676134350362847
Label 2,15,0.75,0.6629763032010733,0.4320211535786808,0.10133455685856513
Label 2,15,1.0,0.7089038602646222,0.43130592020192027,0.13495579784563458
Label 2,15,1.5,0.7951140486431039,0.4301444366908512,0.20171671537299202
Label 2,15,2.0,0.8727264603136158,0.4294634508604245,0.2675398523069696
Label 2,15,2.5,0.9408103694919404,0.4293587613709631,0.33199237011829635
Label 2,15,3.0,0.9989045540032888,0.42985417425715644,0.3945244557452901
Label 2,15,4.0,1.085908859029542,0.432261172221048,0.5108103083797716
Label 2,25,0.1,0.8332108734801114,0.4304632392122228,0.01022153058899415
Label 2,25,0.5,0.9214659578316289,0.4300523924306021,0.05093210088376924
Label 2,25,0.75,0.975555159548358,0.42993136717329805,0.07620920897893567
Label 2,25,1.0,1.0285067724812875,0.42991920888405855,0.1013476044256933
Label 2,25,1.5,1.1299800840077296,0.430167358686172,0.15110042591637116
Label 2,25,2.0,1.22401223810715,0.43071925120017435,0.20001214441666532
Label 2,25,2.5,1.3090278332931036,0.43147064308887173,0.2478609996767984
Label 2,25,3.0,1.3838284402075718,0.43230162015021356,0.2943713228992861
Label 2,25,4.0,1.5001864110445104,0.43372019826309444,0.38194263945033835
Label 2,100,0.1,0.7982007033077763,0.40800845285229687,0.024472482276066864
Label 2,100,0.5,0.8921702389839801,0.4085069854508827,0.12277183869763036
Label 2,100,0.75,0.947667922110965,0.409182445503822,0.184458765124983
Label 2,100,1.0,1.0003336269112966,0.41013420969603737,0.2462486111115542
Label 2,100,1.5,1.096264230056819,0.4127849793986602,0.36980114185880514
Label 2,100,2.0,1.1787053612360001,0.4162328856592272,0.49251098152658135
Label 2,100,2.5,1.2474551445910245,0.4201154971180168,0.6128376617529234
Label 2,100,3.0,1.3036152234511231,0.4239464238148094,0.7281025390760586
Label 2,100,4.0,1.3890324515847907,0.42947813386139555,0.9280050190404313
Label 2,150,0.1,1.018906902053757,0.40800873544636096,0.00800712481064179
Label 2,150,0.5,1.1149268361556737,0.40856598089518587,0.04031307240015774
Label 2,150,0.75,1.1709144247988599,0.4092730274618795,0.0607145138996158
Label 2,150,1.0,1.2235340086842785,0.4102523593215242,0.08125113062633788
Label 2,150,1.5,1.3180679933749602,0.4129414578622326,0.1226493740624066
Label 2,150,2.0,1.397890628059987,0.41638077822904296,0.16422991013037813
Label 2,150,2.5,1.4632352916732416,0.42018180148044326,0.20554346244299826
Label 2,150,3.0,1.515049807665738,0.4238844828373402,0.24594949116090267
Label 2,150,4.0,1.5835897408389368,0.42948172822938835,0.3212858129635898
Label 2,200,0.1,0.5925665971823123,0.40370246846528884,0.03880505426896982
Label 2,200,0.5,0.7109465344082206,0.4044781786347661,0.19519175107608802
Label 2,200,0.75,0.7824048328681292,0.4052824418524394,0.29386059536648407
Label 2,200,1.0,0.8513396763840204,0.40632274033943144,0.39317558329274893
Label 2,200,1.5,0.9799974635811232,0.4090333172099036,0.5936947837761136
Label 2,200,2.0,1.0942742648914419,0.4124237337170682,0.7963098844914768
Label 2,200,2.5,1.192698204354453,0.41623278316113094,1.000155163382202
Label 2,200,3.0,1.2751424835912426,0.42012997998769475,1.2035227546561147
Label 2,200,4.0,1.3982921198641152,0.42669818630821643,1.5953775795397256
Label 3,0,0.1,0.1555727349059006,0.18768876783764485,0.0281579018375471
Label 3,0,0.5,0.2756714077146952,0.1884163577304686,0.14162332237004036
Label 3,0,0.75,0.35514877860069277,0.18940748140495478,0.21298506542751658
Label 3,0,1.0,0.43761171999178033,0.19075517598293681,0.2844854672233464
Label 3,0,1.5,0.6097926352549209,0.19426505249331463,0.4272617286109042
Label 3,0,2.0,0.788241237672698,0.19844545243775877,0.5687656821136421
Label 3,0,2.5,0.9682454249192752,0.20284415322740038,0.7079299520326733
Label 3,0,3.0,1.1446719951932178,0.20711921692001825,0.843746313604644
Label 3,0,4.0,1.4665785189062037,0.21453516783102292,1.101084565028916
Label 3,10,0.1,-0.10104378273407134,0.1978050052862292,0.016725293101233104
Label 3,10,0.5,-0.015690019226764787,0.19798933640563243,0.08390704442588237
Label 3,10,0.75,0.041360322246214415,0.1986708324572506,0.12598006413697233
Label 3,10,1.0,0.10114114768450476,0.19975317032593934,0.16800234670998918
Label 3,10,1.5,0.22826232865525414,0.20285081797660875,0.2514849417085364
Label 3,10,2.0,0.3640059212021055,0.20669540865991679,0.3336369047416071
Label 3,10,2.5,0.5060897133026883,0.21065362088839124,0.41380738922458343
Label 3,10,3.0,0.6517610285465113,0.21418709603860275,0.4913738902279484
Label 3,10,4.0,0.9419907313952979,0.21878663339151105,0.6360430549614118
Label 3,15,0.1,-0.0031019205642990044,0.2310417009177062,0.01467908157085324
Label 3,15,0.5,0.021984619755556295,0.23260792393663585,0.07441025812589819
Label 3,15,0.75,0.03763668896082986,0.2338415090051374,0.11220922437862885
Label 3,15,1.0,0.053499349940491214,0.23527112539819311,0.14998990231953283
Label 3,15,1.5,0.08663968288022456,0.23856013223745878,0.22412484071158995
Label 3,15,2.0,0.12300230401429652,0.24220930862150003,0.29455127823593513
Label 3,15,2.5,0.16402611369619585,0.24591405882448805,0.3601114090380822
Label 3,15,3.0,0.21086850570282145,0.24938933564030447,0.42069097421225016
Label 3,15,4.0,0.32501645887393993,0.25475510247366784,0.5288805685707654
Label 3,25,0.1,0.08894682016266149,0.22682063464404573,0.00894087239867612
Label 3,25,0.5,0.17813373831974436,0.2264876882346975,0.04479086773317101
Label 3,25,0.75,0.23698575913106737,0.22652613596359927,0.06721933838215963
Label 3,25,1.0,0.29795649186396456,0.22675523135366668,0.08962709352124953
Label 3,25,1.5,0.42518187156513815,0.22767330732798022,0.13423294236310682
Label 3,25,2.0,0.5575356484192799,0.2290360933818579,0.17833347259288856
Label 3,25,2.5,0.692633828143016,0.2305870352550476,0.22164421430694212
Label 3,25,3.0,0.8281450947949381,0.2320673844546928,0.26386940952915366
Label 3,25,4.0,1.0919131797794663,0.23401169666153887,0.34388424842625254
Label 3,100,0.1,0.047833132524641095,0.1949240632599582,0.020245368375045557
Label 3,100,0.5,0.1472966642518026,0.1960314902636284,0.102014598930043
Label 3,100,0.75,0.21259166203756408,0.19736595761200756,0.15369249000254753
Label 3,100,1.0,0.27980712862443674,0.19912783406016732,0.20573138676483305
Label 3,100,1.5,0.4181936760727386,0.20360737443709262,0.3107273632597712
Label 3,100,2.0,0.5587211738875334,0.20879378661827194,0.41653005835943274
Label 3,100,2.5,0.697751437693793,0.21401248270940007,0.5225017209998835
Label 3,100,3.0,0.8321590661499467,0.21868368423194778,0.627705613901436
Label 3,100,4.0,1.0791606536663094,0.22483393199363869,0.8297756001597902
Label 3,150,0.1,0.031166422905023305,0.19218628445592412,0.00833325610044221
Label 3,150,0.5,0.15246327230868215,0.19238511150548918,0.04130707778923612
Label 3,150,0.75,0.2334581999316743,0.19307659422915674,0.061596097388357814
Label 3,150,1.0,0.31782531731748376,0.19411673489883616,0.08163811281274422
Label 3,150,1.5,0.49418222555601543,0.19689865785815536,0.12088142439678937
Label 3,150,2.0,0.6759461650279639,0.20012395644244654,0.1589328880890374
Label 3,150,2.5,0.8568954647181267,0.20334757930611363,0.1956757245862979
Label 3,150,3.0,1.0306926438908761,0.20633422139722232,0.2309629636862566
Label 3,150,4.0,1.33415051830347,0.21152621394894472,0.2963239264759274
Label 3,200,0.1,0.1037964482929194,0.18858137902466618,0.03462034943921314
Label 3,200,0.5,0.2301802031452448,0.18949028364665543,0.17407470072154801
Label 3,200,0.75,0.3149923359861647,0.19061710211482244,0.2617939310929826
Label 3,200,1.0,0.4036883096552349,0.19212202290895683,0.3497608989074937
Label 3,200,1.5,0.5902381933194526,0.19601788327937616,0.5259745560735911
Label 3,200,2.0,0.784128911744189,0.2006843093466284,0.7018969246363759
Label 3,200,2.5,0.9788841496711443,0.20564605135312383,0.8768244863252719
Label 3,200,3.0,1.1678127300747565,0.2105044251565107,1.0500480246607686
Label 3,200,4.0,1.503739243986831,0.218811130984159,1.387829886343143
Label 4,0,0.1,-0.029455291114493336,0.07589551976989838,0.025308590291518107
Label 4,0,0.5,-0.014873554282224359,0.0772313837521056,0.1279445456793429
Label 4,0,0.75,-0.007870065343548362,0.07791098069894327,0.19166196383769182
Label 4,0,1.0,-0.002187467635816351,0.07844015725304712,0.2523802983765287
Label 4,0,1.5,0.007023406612955439,0.07868411874616575,0.34227368260974805
Label 4,0,2.0,0.020828668732025667,0.0785252864445253,0.3623926887098657
Label 4,0,2.5,0.055363419690871746,0.0792524932840679,0.35623459905223015
Label 4,0,3.0,0.13036452846378727,0.08011455747594257,0.3631112549586818
Label 4,0,4.0,0.447802244736905,0.07415727415098067,0.44838996608830417
Label 4,10,0.1,0.013751195212164682,0.08512587508217914,0.010092969706671001
Label 4,10,0.5,0.034622104877531514,0.08490162130586086,0.05080367617629738
Label 4,10,0.75,0.05750453490386592,0.08465365186305812,0.07619639758597006
Label 4,10,1.0,0.09087566945585873,0.08427586335910431,0.10146589087755167
Label 4,10,1.5,0.19754481702666057,0.08261987724541416,0.15149930816696966
Label 4,10,2.0,0.3620649637844663,0.0782902102116277,0.2008244278810575
Label 4,10,2.5,0.5662645450203297,0.06917323577657689,0.24939433374006928
Label 4,10,3.0,0.7612433555812563,0.054860545401231316,0.2971042795661144
Label 4,10,4.0,0.901309855515285,0.03870866207704338,0.37035942165283076
Label 4,15,0.1,0.007761144855859261,0.08752576394754945,0.008755859826185474
Label 4,15,0.5,0.008165544870682072,0.08763794344814975,0.04377007399679367
Label 4,15,0.75,0.008322391943296556,0.08766333724962282,0.06565898265453818
Label 4,15,1.0,0.00842740751956195,0.08767424722345991,0.08754892147444793
Label 4,15,1.5,0.008538445893274878,0.08768026137626377,0.13130220356281974
Label 4,15,2.0,0.008580266358428035,0.08768103218459476,0.17498991420153748
Label 4,15,2.5,0.008594323918026163,0.08768111012104046,0.2186191154566054
Label 4,15,3.0,0.008598540681770945,0.08768111639028621,0.26223692379678654
Label 4,15,4.0,0.008599932242413505,0.08768111681132991,0.34965558565585664
Label 4,25,0.1,0.00798622160021609,0.08763140260467778,0.009135123196278797
Label 4,25,0.5,0.008275079701587784,0.08766674201664591,0.04609828161743444
Label 4,25,0.75,0.008389161508081224,0.08767500762399862,0.06952626762856101
Label 4,25,1.0,0.008466911349230232,0.0876786703974068,0.09317069120743862
Label 4,25,1.5,0.008551298155647459,0.08768078819063514,0.14106047811970193
Label 4,25,2.0,0.008584145267678629,0.08768108202918147,0.18960948638801156
Label 4,25,2.5,0.008595423275544443,0.08768111391757047,0.23868352817651214
Label 4,25,3.0,0.008598831532863975,0.08768111662288537,0.2881747489014899
Label 4,25,4.0,0.008599947731152576,0.08768111681177233,0.3880797812222777
Label 4,100,0.1,0.000400018024781585,0.08427318149491549,0.01241205162901982
Label 4,100,0.5,0.0030566285880562647,0.08508332065318333,0.06372163257642462
Label 4,100,0.75,0.004641781101698493,0.08562579257157514,0.09768789833064827
Label 4,100,1.0,0.006548331667818496,0.08604204046013962,0.1320549130926886
Label 4,100,1.5,0.014255697448770362,0.0864726537295487,0.1977342111229649
Label 4,100,2.0,0.0350131248828535,0.0866366876041156,0.2635731441502621
Label 4,100,2.5,0.08288337651644588,0.08642306056056215,0.3318064107348608
Label 4,100,3.0,0.17506759853145568,0.08522903859502574,0.4021933591743031
Label 4,100,4.0,0.5163595485934748,0.07375371948093891,0.5472699699050496
Label 4,150,0.1,0.000423424236461566,0.06741643816224657,0.006629818563047385
Label 4,150,0.5,-0.00023977057348336175,0.058585239542729164,0.032533810464626944
Label 4,150,0.75,-0.0005080269607835256,0.05280531222592844,0.04845070302781284
Label 4,150,1.0,-0.000631496940359931,0.047153106409370225,0.0643061117440153
Label 4,150,1.5,-0.00046991068475220506,0.038281436061351044,0.09520106075329815
Label 4,150,2.0,0.00017776675361732414,0.036220173424105544,0.10839830539389432
Label 4,150,2.5,0.0004008490441767768,0.03679146475817565,0.10919192886523703
Label 4,150,3.0,0.0001280802610789597,0.03617101016802195,0.1093897256332814
Label 4,150,4.0,0.0001589601315751879,0.03623436778391512,0.10983633163638648
Label 4,200,0.1,-0.03624294724277556,0.0754431051831715,0.021599899504660878
Label 4,200,0.5,-0.014639420299611388,0.07800882646386337,0.10801951492251273
Label 4,200,0.75,-0.004515577997041222,0.07933954242619964,0.16203977352354118
Label 4,200,1.0,0.003119345630334701,0.08040992979670111,0.21576261584924875
Label 4,200,1.5,0.013600118087238731,0.08126145241721507,0.31246359311601585
Label 4,200,2.0,0.026536478922926834,0.08074070565823624,0.37446322917015035
Label 4,200,2.5,0.05665029288700105,0.08027103942381968,0.4239073923469996
Label 4,200,3.0,0.12277714960292958,0.07980195824425973,0.48082731777963056
Label 4,200,4.0,0.4201556344439175,0.07392208527084765,0.6296648021296409
Label 5,0,0.1,0.5782548542628565,0.39917397991484566,0.03232917756258054
Label 5,0,0.5,0.7234344639125057,0.3997497208512494,0.161706452983263
Label 5,0,0.75,0.8122728939950837,0.4004344911358674,0.24254144798941155
Label 5,0,1.0,0.8988717199409972,0.40136717109207637,0.3232904976022911
Label 5,0,1.5,1.0629375406056965,0.40394397490438894,0.4842318994021902
Label 5,0,2.0,1.2112794761847967,0.40739596374859327,0.6438401046455142
Label 5,0,2.5,1.3405039116267825,0.41158512130197333,0.8010843774983496
Label 5,0,3.0,1.4484418023683996,0.4163066279854545,0.9542593466393069
Label 5,0,4.0,1.599480503693723,0.42602819962795335,1.2333425932929716
Label 5,10,0.1,0.3890946230174558,0.4061183314914521,0.0196190071788591
Label 5,10,0.5,0.5093197515381379,0.40603849093166916,0.09818074705617388
Label 5,10,0.75,0.5853106518195295,0.4062638018693888,0.1472724212888558
Label 5,10,1.0,0.6614254543048926,0.4066904044591484,0.1962919312736637
Label 5,10,1.5,0.8122500574100715,0.4080770059240992,0.29386321298818857
Label 5,10,2.0,0.9583331754377971,0.41006890766150855,0.3903979501169212
Label 5,10,2.5,1.0964947943402192,0.41252812128814825,0.48533269577681215
Label 5,10,3.0,1.2240139295964583,0.41531811725731643,0.5779919483295669
Label 5,10,4.0,1.4393548682425439,0.42137217669587457,0.7529033426203927
Label 5,15,0.1,0.5903956656833552,0.43158870185112264,0.014139578306790771
Label 5,15,0.5,0.688290755540301,0.4317731994543967,0.07048132396657046
Label 5,15,0.75,0.7500073633790356,0.431953974314108,0.10549621893787982
Label 5,15,1.0,0.8117222743738258,0.43218265003900275,0.14035042640563336
Label 5,15,1.5,0.933768864603241,0.4327442082205516,0.2094872437229695
Label 5,15,2.0,1.0517677526268323,0.43341978058801833,0.2777594525642287
Label 5,15,2.5,1.163287375807304,0.4341795598104501,0.34500878281578307
Label 5,15,3.0,1.266265304480278,0.43499505043013653,0.4110340636308939
Label 5,15,4.0,1.4408981090723163,0.4366412441456717,0.5382583527893668
Label 5,25,0.1,0.0428116477477552,0.427157475776323,0.011492009677602886
Label 5,25,0.5,0.11203637882013812,0.4276868683047747,0.05869560951045053
Label 5,25,0.75,0.15711949307970113,0.42811769537658817,0.08913103001414999
Label 5,25,1.0,0.20366081369181027,0.42861800701147335,0.12016774437796376
Label 5,25,1.5,0.301202600293292,0.4297242562395764,0.18381262530046089
Label 5,25,2.0,0.40462776445881654,0.4308660123441151,0.24897788728068646
Label 5,25,2.5,0.5135000714569982,0.4319212609949039,0.31503597878619866
Label 5,25,3.0,0.6269521002464598,0.43280262534897257,0.38142380285312727
Label 5,25,4.0,0.8621228024018128,0.4339037419235553,0.5132983646436472
Label 5,100,0.1,0.32940112661683557,0.4041595722988885,0.024607544341056123
Label 5,100,0.5,0.4500450590695224,0.4045682236230277,0.12280952239839256
Label 5,100,0.75,0.526661801018966,0.40516954987361636,0.18393519227516134
Label 5,100,1.0,0.6036377230271515,0.4060126555677268,0.2448269713960786
Label 5,100,1.5,0.7567187879931718,0.40830635490716355,0.3656701663989344
Label 5,100,2.0,0.9054462668318429,0.4112140812608634,0.4849100099412094
Label 5,100,2.5,1.0462113612293424,0.4144944587412569,0.6020287337876593
Label 5,100,3.0,1.1758397339118298,0.4179243213290595,0.7163651858776392
Label 5,100,4.0,1.3922018918133268,0.42450778355982915,0.9328073742389185
Label 5,150,0.1,-0.05042030093155836,0.40445829041784825,0.01169647548969533
Label 5,150,0.5,0.026453052940467348,0.4050415307942966,0.05941064405910157
Label 5,150,0.75,0.07628130903017405,0.4059124546706745,0.08996003177557299
Label 5,150,1.0,0.12743553590117995,0.40714490599520226,0.12100566820609
Label 5,150,1.5,0.23349860808339273,0.41051242619283634,0.18448887588890758
Label 5,150,2.0,0.34403516182179694,0.4147231168093718,0.2494926273180036
Label 5,150,2.5,0.4581704324208979,0.41929579535418204,0.31561374136248355
Label 5,150,3.0,0.5747657366608422,0.4237736718511541,0.382441368700028
Label 5,150,4.0,0.8096834270352828,0.4310767991789134,0.5166161658852727
Label 5,200,0.1,0.5029550836176823,0.40006783976732635,0.042193469498911285
Label 5,200,0.5,0.6428765040938411,0.4004737568465913,0.2102266186853886
Label 5,200,0.75,0.729489945673579,0.4010548286795098,0.3145581032484846
Label 5,200,1.0,0.8147049700824721,0.40187691801259456,0.4183185079396637
Label 5,200,1.5,0.978535547315191,0.40418117020136834,0.6237164132863472
Label 5,200,2.0,1.1299045017247158,0.40725363397488595,0.825654480831288
Label 5,200,2.5,1.2651006455106049,0.41093403356303015,1.0229965591426096
Label 5,200,3.0,1.381434658252906,0.4150349922138157,1.2139391715306156
Label 5,200,4.0,1.5533585060251816,0.42354036022733715,1.5622057341885842
Label 7,0,0.1,0.06793872529193468,0.08230189270089815,0.020737729681002896
Label 7,0,0.5,0.22856461999683753,0.08234173084082243,0.10606664168312518
Label 7,0,0.75,0.3379321031151038,0.08258934831570039,0.1605741325337738
Label 7,0,1.0,0.45090486409540353,0.08287517148844122,0.2151233526578816
Label 7,0,1.5,0.6775324552010816,0.0824050658528822,0.31981402882293614
Label 7,0,2.0,0.8952385609499158,0.0785864595240858,0.40962765203918683
Label 7,0,2.5,1.0926475479039466,0.07033047655969427,0.47848294006468833
Label 7,0,3.0,1.242069433965674,0.059944060488536705,0.5291207847100071
Label 7,0,4.0,1.3122153905852616,0.051974295133087045,0.572675574342501
Label 7,10,0.1,0.031854521507145635,0.106450328741241,0.01373637690490804
Label 7,10,0.5,0.09180394599234927,0.10589581964447066,0.06670090811346009
Label 7,10,0.75,0.14310329346403,0.10529540186533315,0.09817813997984788
Label 7,10,1.0,0.20654103613466257,0.10443639395256892,0.12863544967227591
Label 7,10,1.5,0.3709346212487355,0.10136907550162554,0.18683811047228027
Label 7,10,2.0,0.5779382289733387,0.0953878178518289,0.24233781696481269
Label 7,10,2.5,0.8037659991050983,0.08552458798640228,0.2960684654493744
Label 7,10,3.0,1.0102950357284983,0.07267142067439963,0.3489917875837274
Label 7,10,4.0,1.224424890723761,0.054673004751752366,0.4547989252847529
Label 7,15,0.1,0.009851838833221958,0.11832744132566744,0.009451210061999128
Label 7,15,0.5,0.011110806935154946,0.11924306572109432,0.04608777240708027
Label 7,15,0.75,0.01171590911469769,0.11960458830928504,0.06822779410556849
Label 7,15,1.0,0.012188967587269124,0.11983113658650073,0.09008381180494679
Label 7,15,1.5,0.012812866976127688,0.12003457337574015,0.13349575509143613
Label 7,15,2.0,0.013138039435220397,0.12008927176110203,0.1770029210903543
Label 7,15,2.5,0.013292353584186546,0.12010114835267172,0.22076890137007701
Label 7,15,3.0,0.013359283280819267,0.12010326655174862,0.2647906174762004
Label 7,15,4.0,0.013395483456198032,0.12010361845594428,0.3534239073886981
Label 7,25,0.1,0.1468673542212099,0.11893428200915412,0.00830809461703666
Label 7,25,0.5,0.22659677290658048,0.11751404582644273,0.04152636342035548
Label 7,25,0.75,0.2899631330219685,0.11590345804988487,0.06224757994778933
Label 7,25,1.0,0.3634276124628122,0.11344565343976334,0.08291423473505967
Label 7,25,1.5,0.5346270695652316,0.1048179769267151,0.12397019690254601
Label 7,25,2.0,0.7186477444815561,0.08937331225914331,0.16443512879011363
Label 7,25,2.5,0.881961226712879,0.06593465061129485,0.20390465556532836
Label 7,25,3.0,0.9887536633709894,0.03606047173294852,0.2415916641427325
Label 7,25,4.0,1.0151753978301317,0.013298666650502887,0.2673684492304691
Label 7,100,0.1,0.0035800980437701406,0.10435678892189122,0.015053706918890658
Label 7,100,0.5,0.011066747895978703,0.105814663271471,0.07379680638454603
Label 7,100,0.75,0.017772585579252074,0.10730259486839014,0.1083814181622681
Label 7,100,1.0,0.026555557251182173,0.10874819862580629,0.1415650667077967
Label 7,100,1.5,0.05244681395244298,0.11073811252759452,0.20449102473976485
Label 7,100,2.0,0.0940390489764989,0.11136948421150139,0.2639714080624686
Label 7,100,2.5,0.159343118361888,0.11082055981390407,0.32130662061667165
Label 7,100,3.0,0.2594010937966063,0.10890253842317268,0.3791353247289036
Label 7,100,4.0,0.5865422463399298,0.0969917942570521,0.5060648263369159
Label 7,150,0.1,-0.011709270456224318,0.07120959240107455,0.0064663933684716715
Label 7,150,0.5,0.001958459004967909,0.067209792066926,0.0316649614802965
Label 7,150,0.75,0.011958334663713915,0.06876182707691561,0.04544618031512139
Label 7,150,1.0,0.027209561098477282,0.07313110820156869,0.05702703964661749
Label 7,150,1.5,0.08492082807349104,0.08349325033008592,0.07911097839310757
Label 7,150,2.0,0.1933484376162449,0.09149671431727367,0.10366406460965547
Label 7,150,2.5,0.3615664263259564,0.09472163123916158,0.13029977068356471
Label 7,150,3.0,0.5811483189283956,0.09156548539371322,0.15826312858638913
Label 7,150,4.0,1.0329958953674605,0.06545309747159316,0.21609253946082962
Label 7,200,0.1,-0.01839209061431444,0.0811033713558202,0.02972783193188265
Label 7,200,0.5,0.02538463572208345,0.08166071251180115,0.14378598844726845
Label 7,200,0.75,0.05508955042023324,0.08232223781097625,0.20626522864971444
Label 7,200,1.0,0.09192201748508841,0.08311367989625623,0.25906478161613594
Label 7,200,1.5,0.2052361201691375,0.08453291017089898,0.34103808880214487
Label 7,200,2.0,0.38714775794064693,0.08476866128062857,0.4109625259113897
Label 7,200,2.5,0.6307320106968528,0.08211773578509506,0.4798432282041274
Label 7,200,3.0,0.8987224384144226,0.0756858826267769,0.5510873725867891
Label 7,200,4.0,1.284054063977544,0.06142277715522907,0.700359340952399
