label,sample,beta,mean_path_uncertainty,final_uncertainty,linear_target_gain,mlp_target_gain,linear_damage,mlp_damage
1,24,0.0,0.13663292996049425,0.15540743825182232,0.0,8.548438089341537e-51,0.0007882656333563297,0.09315249478990237
1,24,0.5,0.044850289119872495,0.0050664303749260115,0.0,1.2133512935306655e-40,0.0007882147485248114,0.09288835906471352
1,58,0.0,0.07679061714382111,0.06902244472816235,-2.183790918517031e-121,-1.3359188284972976e-07,0.08712075437429279,0.022050759447708013
1,58,0.5,0.07459466721715291,0.06505317701525519,-2.183790918517031e-121,-1.3172663980158025e-07,0.09756849361200454,0.025857331450193255
1,62,0.0,0.12626910048744874,0.11647493368121141,1.0,8.96245919126174e-07,0.018073362455588327,0.13830368687565314
1,62,0.5,0.12124258784518306,0.11053220367162297,1.0,6.708900949588262e-07,0.014027075771745445,0.13727077469852766
1,72,0.0,0.1253899756617219,0.10151928738012345,0.0,1.5438190290542033e-13,3.767992529102315e-09,0.11662834349774348
1,72,0.5,0.12152473713616847,0.09617167150517086,0.0,1.4870233247781494e-13,5.479614428871571e-09,0.12115978628093294
1,87,0.0,0.13098060788032906,0.15480520964219366,0.0,1.1044029306083797e-65,0.0,0.04711907081905664
1,87,0.5,0.030750398566136327,0.0038627518468947303,0.0,2.411261946203948e-49,0.5,0.0498626351815326
1,173,0.0,0.0876629465410941,0.11247561568535597,0.0,-1.006151891426638e-17,0.0036965060046756813,0.0
1,173,0.5,0.0741958093675151,0.09976605342958196,0.0,-1.0061518914261563e-17,0.00369139681164801,0.0
1,191,0.0,0.14401278657535768,0.1534439856489794,0.0,2.9949121360566277e-26,0.48290589388461325,0.11656436782385869
1,191,0.5,0.05217783410280088,0.003375830785747707,0.0,2.870435609974211e-39,0.49356289640786183,0.010279981336401388
1,235,0.0,0.13606941486374938,0.14026076547474378,0.0,4.195335168150675e-23,7.837853921444093e-09,0.008722089399552435
1,235,0.5,0.1203992492608532,0.1248085499606294,0.0,1.3402540931937305e-20,7.145217353898836e-07,0.016033166499240414
1,260,0.0,0.1146533927506203,0.13442551256916727,0.0,9.157764143147219e-13,0.005938803114162505,0.046561789648122465
1,260,0.5,0.08246756799621055,0.1204795506123407,0.0,5.097539296495751e-10,0.0905215411045498,0.0697283469335438
1,279,0.0,0.13315670265019092,0.14132539947166609,0.0,9.42933311132732e-27,6.002305733665558e-06,0.000502061538204885
1,279,0.5,0.10089720570400157,0.10538202582731969,0.0,1.7160158544992817e-27,2.0917373782125548e-05,0.0
1,300,0.0,0.13722601487607716,0.13796842409001345,0.0,6.121242122604245e-12,0.08545505343600546,0.08437796063090358
1,300,0.5,0.13086343865990205,0.13192393336242317,0.0,1.1686346191121868e-11,0.08517798331883014,0.08868294695681528
1,311,0.0,0.14944577522137112,0.15699417583738737,1.0,7.19028536995627e-12,0.00828727999080748,0.13497020147852132
1,311,0.5,0.0876584569913046,0.009401350700288766,0.0,-1.1750087178523642e-13,0.008287096435432758,0.11842321600871789
1,314,0.0,0.12971961026276196,0.1350490689877565,0.0,4.125241937300438e-06,0.00042460492251999993,0.20837926747835575
1,314,0.5,0.11560453227499494,0.12254122143687865,0.0,3.5108905518138846e-06,0.0007014225330788104,0.20816259562820164
1,324,0.0,0.08177104842410345,0.06548488042156501,2.497184854694475e-193,9.066508633350721e-08,0.1493302717747727,0.1564673737471451
1,324,0.5,0.07875919273100813,0.06106605264593891,-5.377744263926998e-202,8.752585672045005e-08,0.14546508582125206,0.15802583040087104
1,328,0.0,0.12210124708880706,0.10601972161604976,0.0,-1.935183313828182e-07,7.438494264988549e-15,0.11832720410922654
1,328,0.5,0.11896736655796537,0.10234925317338735,0.0,-1.9351833146635242e-07,3.2554575513099593e-07,0.11271108299266863
1,343,0.0,0.14966303035126885,0.15701348789108024,0.0,1.377843087636483e-52,2.6171797957714143e-07,0.08121881425810915
1,343,0.5,0.06969874324913482,0.005327918822657001,0.0,8.918204403335454e-56,7.513726388574948e-06,0.0018270276531685004
1,364,0.0,0.11053488046947685,0.09869324777811948,0.0,2.318974509537623e-16,0.1450786953737296,0.01892119589775504
1,364,0.5,0.10568093960677603,0.09395496914407366,0.0,3.173011512344809e-16,0.15602331744600423,0.01929962355389514
1,368,0.0,0.11038307636295654,0.15071301332752976,0.0,5.99771901764698e-67,6.385278782189423e-06,0.0014886580039006336
1,368,0.5,0.017663096499292926,0.004523154156400537,0.0,1.406253137684893e-62,7.247519279590664e-05,0.0
1,391,0.0,0.13282101463460785,0.15567224508569583,0.0,9.277765457313466e-59,0.06736002698578242,0.27956879085046094
1,391,0.5,0.036136718602819945,0.002299850111204754,0.0,9.34367382834752e-56,0.0,0.10140291372933963
1,428,0.0,0.11992722797195356,0.1328844573616792,0.0,7.15638939706235e-11,0.0,0.03972053567598411
1,428,0.5,0.11055595905029263,0.12020130041667133,0.0,6.972498700554118e-13,0.0,0.030073403220500772
1,436,0.0,0.1019891032519256,0.10148209684602413,0.0,2.4273828642405213e-08,0.12429452332772929,0.07303707100845476
1,436,0.5,0.09871646125968961,0.09867118752090531,0.0,2.5276967570227564e-08,0.13433564399263376,0.07387887539834456
1,447,0.0,0.11198187840512695,0.14250507388020772,0.0,-6.326726625649158e-32,2.762275746595147e-05,0.0051386722634076155
1,447,0.5,0.019022552943059986,0.004739953490207206,0.0,-6.473069988615822e-32,2.7687491630608725e-05,0.0052118112803713834
1,473,0.0,0.14235091560792754,0.15633750378470843,0.0,1.1333628623508543e-51,0.0,0.017086000210845997
1,473,0.5,0.05077985835455571,0.003270343893634986,0.0,1.0273329029985247e-43,0.0634341228792815,0.047177939333062885
1,528,0.0,0.13870092154128794,0.14583482800995343,0.0,-3.0967481570667553e-37,0.0,0.0
1,528,0.5,0.10592817967192755,0.08576155062880605,0.0,1.2472948791799822e-33,0.0,0.0
1,530,0.0,0.11655360099255992,0.14003377847722953,0.0,-1.9227934010728454e-09,0.5,0.07413421781468998
1,530,0.5,0.02096634093555685,0.003663295313280142,0.0,-1.9227937012750308e-09,0.0,0.0
1,572,0.0,0.15094863024431796,0.15697333589900966,0.0,3.3824763205962156e-78,6.607050668047e-07,0.002779361736982679
1,572,0.5,0.11384732349228048,0.06443121587311997,0.0,1.1802843619566403e-53,0.0,0.0
1,622,0.0,0.13261363753459526,0.12849483099741701,0.0,4.481310025258046e-09,0.40646904652434385,0.16203427173479346
1,622,0.5,0.12846352966648109,0.12776073693616627,0.0,2.9685140606939508e-09,0.40660873337182585,0.16276565982674235
1,630,0.0,0.14329180401121247,0.1567326166808855,0.0,-2.106123824412627e-32,0.49887605896250004,0.15200767172683077
1,630,0.5,0.04543977787217728,0.006956998166827193,0.0,-1.6692321070685634e-32,0.49593003324959034,0.017288508806980463
1,631,0.0,0.14159026163257302,0.15035693419031765,0.0,3.986142165684164e-23,8.870889648676661e-05,0.0625980637786135
1,631,0.5,0.12127916152323666,0.14004222559719445,0.0,1.1520543950149033e-22,0.0002469331440998479,0.06142503164109533
1,636,0.0,0.15344837059238525,0.15634941032972102,0.0,9.889632743458603e-50,0.2016008894795176,0.08656029326319009
1,636,0.5,0.13423246625953472,0.09369566590979618,0.0,4.030083996865606e-59,0.0010490167935127692,0.0
1,638,0.0,0.13383171094437699,0.1542047000278032,0.0,-4.927890427926009e-35,1.3563581358289056e-05,0.03607546037421524
1,638,0.5,0.037254907858574014,0.004458337219933652,0.0,-4.92788991284305e-35,1.2101556179811013e-05,0.014926220233868526
1,658,0.0,0.15288924820992794,0.15681398742336305,0.0,1.1893157184882155e-18,0.009504741804257533,0.0
1,658,0.5,0.14678923939933822,0.1493482800483167,0.0,-8.048219336229824e-23,0.0008873134550822503,0.0
1,663,0.0,0.1126194132201718,0.10835862771330859,0.0,0.06399022630808561,0.4726136644820555,0.36996613177611115
1,663,0.5,0.11098821965479563,0.10579352056811679,0.0,0.06260510297223518,0.46939483913821445,0.36819365817796784
1,668,0.0,0.12299056433060808,0.15056659786390902,0.0,7.453073330523542e-69,0.4795205196845491,0.36691868204866546
1,668,0.5,0.038864978460734195,0.005442170842783536,0.0,7.938377627295835e-59,0.03296429076844043,0.2726460759804664
1,672,0.0,0.14021446062172224,0.12727851503816948,0.0,-3.287892096846496e-05,0.04873704316518235,0.0
1,672,0.5,0.13870039282796234,0.1248005734027134,0.0,-4.020151390726714e-05,0.03816363456635252,0.0
1,673,0.0,0.10283834352740853,0.1080853159923492,4.146873611641938e-11,3.070499324793048e-05,0.0,0.48118985152793786
1,673,0.5,0.101975701964997,0.10738807625490661,1.0937319360271732e-20,3.0514213132133767e-05,0.0,0.4814878082868117
1,788,0.0,0.13733449513170273,0.13357773700123732,0.0,3.149588949843745e-13,0.46217744604741584,0.07957423843215061
1,788,0.5,0.13290853125572313,0.12813036147498202,0.0,3.959225797088761e-13,0.45287992566038193,0.06422622777277753
1,789,0.0,0.10179094254615424,0.10468488652395475,0.0,1.0996467166246288e-07,0.4195311069300549,0.12597147970270287
1,789,0.5,0.09654993169379529,0.10049053414755046,0.0,1.5487309739995288e-07,0.4381008205576595,0.13419073385884772
1,790,0.0,0.14437465246722261,0.14801436464292086,0.0,5.281597202168002e-15,0.00501441129663943,0.23967638148147472
1,790,0.5,0.13461951587254917,0.14071162292639258,0.0,1.036564791149583e-13,0.00496112965240549,0.2832823597233727
1,792,0.0,0.08029737191610056,0.03620271026023119,0.0,-3.1878664503843276e-14,0.3492553664699336,0.4005456158597547
1,792,0.5,0.07798078281077549,0.027754033833025906,0.0,-3.189771858521241e-14,0.32611493320950946,0.39282485605091005
1,810,0.0,0.08972232027206736,0.11134544519250407,0.0,-1.8466291776700297e-26,0.00011895763010286852,0.06900223210153393
1,810,0.5,0.07505998810532684,0.09669184626539556,0.0,-1.8465821098450675e-26,0.00011605971149589716,0.06214527579900023
1,885,0.0,0.11593834069608612,0.15024052584705572,0.0,-4.534066009306411e-29,0.08498090068214914,0.21315613732323765
1,885,0.5,0.025340758302477496,0.004038810013007104,0.0,-1.7740539198910758e-28,0.0013308415724366252,0.15261053206198316
1,886,0.0,0.13508773452761788,0.11826755434445564,3.377537206830212e-293,0.00011609515546335384,0.802148508447001,0.673349552305105
1,886,0.5,0.1343831577880058,0.1171630254277175,7.398279801017958e-301,0.0001284310279156162,0.7955824541187557,0.6679576167605131
1,917,0.0,0.1320923894017858,0.14849823919718322,0.0,-6.416515975120373e-32,8.19864239276491e-08,0.033796939726093767
1,917,0.5,0.03849314667544443,0.005013880842390104,0.0,3.249966026762496e-30,5.156104098746894e-05,0.061358041305678845
1,985,0.0,0.11406610634412327,0.09880039785645664,1.0,0.008741477156044349,0.3201543310695019,0.2695930545516398
1,985,0.5,0.1121783974935274,0.09610808196237532,1.0,0.00876139101397145,0.31930225357707226,0.26554405455854485
1,993,0.0,0.13362116417735392,0.12813143515965636,0.0,7.702260942600295e-14,0.4837562766581606,0.13286322467298453
1,993,0.5,0.12994076646057323,0.12279623287150498,0.0,2.1742271306375004e-13,0.4776711508752314,0.14330868320828352
1,1052,0.0,0.11990841152720867,0.1386773062473166,0.0,2.442068089655669e-23,2.5717237885713824e-05,0.006930533518907209
1,1052,0.5,0.03420597089546839,0.004064269385104895,0.0,-6.417480679748967e-23,2.813808274205987e-05,0.005146613522000505
1,1062,0.0,0.10263567271449817,0.08293465054224576,8.612524362181635e-292,3.2886016846765835e-07,0.0045458132115802075,0.12019943746460549
1,1062,0.5,0.10020810381069895,0.07892423273056082,2.257468297882602e-298,3.3764185654211645e-07,0.004615531926033978,0.12402284927466983
1,1084,0.0,0.15116205497384297,0.15388279269812172,0.0,9.199603236129404e-16,2.70409250546777e-11,0.01561755891854627
1,1084,0.5,0.14459148576957226,0.1507448591986788,0.0,1.005577265038984e-14,5.423308468976984e-10,0.022879179612934286
1,1129,0.0,0.09233642225378426,0.11760843091474098,0.0,-7.374541275625085e-22,0.03673821731568077,0.0
1,1129,0.5,0.07544032318574752,0.0957592446878357,0.0,-1.4699924838258485e-21,0.036828678232874876,0.0
2,24,0.0,0.42174962272189626,0.42846402470373385,0.9939075626216908,0.593540910057239,0.44411136069117074,0.20915903323357576
2,24,0.5,0.4213080782655844,0.42754934577973946,0.9939548364405962,0.5973394634481427,0.4441112374294609,0.21405602342560823
2,428,0.0,0.4157182038260055,0.42489248646058153,6.339973654845288e-06,0.374901395324323,3.069251950828901e-05,0.20824439339915865
2,428,0.5,0.4155234866832928,0.42443113034412683,6.339973649072128e-06,0.3748736451499901,3.0645673239311354e-05,0.20812332813533835
2,530,0.0,0.4212249502807227,0.4347116777317696,0.9988358580148855,0.7941275395901587,0.500006519050479,0.02773955821174965
2,530,0.5,0.4209030220554472,0.4340294724458696,0.9988372723375593,0.7968873473321041,0.5000064379595277,0.02841411782436723
2,792,0.0,0.42195201497147095,0.4272453692817037,0.9853615208770687,0.5459845295250464,0.4993150141750581,0.41313653404978445
2,792,0.5,0.42162553247628626,0.42660745780250586,0.9853615114070611,0.5453780189514885,0.4992462676449882,0.4123450950127649
2,2032,0.0,0.42333709231796945,0.4309158638811214,0.9951024241613818,0.865919900502187,0.2518435613345434,0.1690397258711199
2,2032,0.5,0.42290796995808355,0.4300634618966034,0.995789301703522,0.8708997328674819,0.25184332044175567,0.1693238711633841
2,2083,0.0,0.41123608703333425,0.4194604973483638,1.611029859516222e-07,0.2682136403566151,0.5,0.5029475935288705
2,2083,0.5,0.4111277189961902,0.4191954868287505,1.6012388071029449e-07,0.2692453053849724,0.5,0.503211447281384
2,4370,0.0,0.42030839735535064,0.4343321261199495,0.9940482152976569,0.7178028061432681,0.5188069657476326,0.0175718170301295
2,4370,0.5,0.4200855198415818,0.43379833319599725,0.9946081610815898,0.7236525433976005,0.5188069600453288,0.017975098989425217
2,4603,0.0,0.4265749119110885,0.44309359622328504,0.12781058857660604,0.15877385452856785,0.08472707721184894,0.0007049367921645953
2,4603,0.5,0.42606849148171355,0.4420356807965376,0.17074294668086232,0.17689514443914012,0.08472708761600677,0.000703888523412482
2,4739,0.0,0.4236905107481541,0.4274735748005899,0.9999720306889813,0.8657587780273801,9.149248511415773e-49,0.20259704780876478
2,4739,0.5,0.4232373104139939,0.4265570192396638,0.9999720400313605,0.8678082714163918,9.149248511415773e-49,0.20594694009408104
2,4775,0.0,0.4218995206626083,0.43059453931372477,0.0003987965974194818,0.12049445087726207,1.0750828340243081e-185,0.1552256344373319
2,4775,0.5,0.42158601495847287,0.4299303853396243,0.0003988028572892155,0.12284005885408389,1.0750828340243081e-185,0.1547415282584177
2,4996,0.0,0.4173539049643637,0.4286028229413211,0.9418712311924177,0.1838131746554621,0.016857403507882156,0.1841400953584251
2,4996,0.5,0.4171731571524199,0.428158893900833,0.9418712479355152,0.186226623000036,0.01721542559984918,0.18413445177669824
3,58,0.0,0.20337217135226282,0.21412339769172745,1.0,0.6920027754680175,0.5126022567146442,0.46925172424744144
3,58,0.5,0.20296833351498722,0.2133669230918814,1.0,0.6931978202547945,0.5125578402251696,0.46935847973510275
3,62,0.0,0.22127141019368193,0.23417849312581052,1.0,0.29510903882666506,0.4982116693949961,0.1819966987567258
3,62,0.5,0.22005518744803992,0.23202719304910518,1.0,0.3026054458027678,0.4980887972609769,0.18448102740718583
3,72,0.0,0.23095128737425458,0.24396618219945673,1.0,0.0064015018277632325,6.7817271798276124e-09,0.19585894257963885
3,72,0.5,0.22796396288723017,0.2391010584962876,1.0,0.009567988513170974,1.7505452754029704e-08,0.20925831660230293
3,173,0.0,0.20288718417950144,0.21720596600667252,7.853266569575018e-69,0.8016557111713696,0.015586542056393336,0.4206161261940342
3,173,0.5,0.2023867448149874,0.21601031605843354,2.965609599906489e-69,0.8133187598008674,0.0165697332339416,0.4218250078276482
3,191,0.0,0.21760339046098046,0.22560568697428426,0.0,0.6626657263614547,0.4935725482717892,0.08283856981054696
3,191,0.5,0.21706264045297735,0.22472356328893672,0.0,0.6604233345275963,0.4935725493501012,0.08092460622164988
3,235,0.0,0.21608449837488422,0.2265102964637254,0.0,0.0006122792680072484,2.4631375316164217e-05,0.026652393477260894
3,235,0.5,0.2144646681758644,0.2235189522318539,0.0,0.0011599062919127642,4.3625833711646855e-05,0.03460319058888289
3,260,0.0,0.21321752921319456,0.22772998053796936,0.0,0.956689479466505,0.49915239673646616,0.5116459651335045
3,260,0.5,0.2125275107292547,0.22655097503572016,0.0,0.9557391158753569,0.49911564314785667,0.5110869946853598
3,279,0.0,0.2111602894012709,0.21987754417747865,0.0,0.9876881265531404,0.0150170154341156,0.29812904560484443
3,279,0.5,0.21032508815754747,0.21845486935218225,0.0,0.9875451645354528,0.017027812806415743,0.30184352389164804
3,300,0.0,0.2202067623815723,0.23040594999064518,1.0,0.835920585508616,0.8809757569453764,0.6750458171505029
3,300,0.5,0.21938524175085433,0.22902882639874814,1.0,0.8330758713813741,0.8816516575338957,0.6744986949022147
3,311,0.0,0.22913893576260372,0.24266536073730263,1.0,0.3719052285926876,0.008287279822453433,0.17936115106819203
3,311,0.5,0.2265521051335922,0.2389601743520463,1.0,0.4112943604762456,0.008287279612210218,0.18640300231493448
3,314,0.0,0.21972205628733263,0.2242759218488821,1.0,0.9677074679350264,0.441403540171434,0.49826451129384464
3,314,0.5,0.21895628377531834,0.22300261725801343,1.0,0.966338121711679,0.44287577632644193,0.4981171885794296
3,324,0.0,0.20029080828315257,0.2131259837249347,1.0,0.5035253908444288,0.499997984550159,0.507797822491099
3,324,0.5,0.19995020024612806,0.212362671040177,1.0,0.5063866236335786,0.4999977107910865,0.5074365540313565
3,343,0.0,0.23248908710350202,0.24727556653529506,0.0,0.028504416185926786,9.811692546385788e-06,0.2428329338965018
3,343,0.5,0.23006279775628516,0.24373414349939274,0.0,0.04286004122426765,2.458188810192882e-05,0.24516570883389896
3,364,0.0,0.20919616620596018,0.2235791855744092,1.0,0.455536697531417,0.5947627637384783,0.4921308425487749
3,364,0.5,0.20833637605339936,0.2220909907862191,1.0,0.45088918319716287,0.5748093129501533,0.4878208962601184
3,368,0.0,0.21103907047702694,0.23478437802876165,0.0,0.09367958004275422,0.3724778074486521,0.3320499044061138
3,368,0.5,0.210185507325839,0.23291492927693885,0.0,0.1019802770281588,0.3898509995893842,0.32748967116901434
3,428,0.0,0.2030247165108498,0.21613646147050114,1.0,0.3110452909990729,3.0431320606130566e-05,0.21442207420094841
3,428,0.5,0.2025595399248793,0.2151599827918121,1.0,0.316444092941032,3.0211851722752062e-05,0.2143704628110729
3,436,0.0,0.20836343158673223,0.22212458466876916,1.0,0.9898969842716189,0.002444579958517596,0.40001851256141446
3,436,0.5,0.20754246129157922,0.2206614915354109,1.0,0.9893445831771992,0.0027811996541926335,0.4022457305547689
3,447,0.0,0.21271397408097992,0.2332224171957812,0.0,2.2088972281015e-05,5.5411689862962554e-05,0.011944711405825915
3,447,0.5,0.21117020752854185,0.23022740982322482,0.0,3.349263780917509e-05,6.731959597965957e-05,0.01308150575083779
3,473,0.0,0.2235443676945796,0.24000590797774224,3.661583411128631e-229,0.2751640334929334,0.05630274794003061,0.30034777655837247
3,473,0.5,0.22179719824990043,0.23720419382792524,1.9477741096649499e-203,0.2631846868980349,0.05929917558710411,0.3069030057530728
3,528,0.0,0.21390174206086934,0.2248263487059443,0.0,0.010579705364880643,0.021626402286664143,0.3533059870508938
3,528,0.5,0.21306069203598968,0.2232141900149225,0.0,0.015100457432583366,0.025695793113636227,0.3627171300964551
3,572,0.0,0.2176041905908822,0.22223728381888194,1.0,0.6404994819522911,0.416677949059183,0.2509680762623962
3,572,0.5,0.21695755855913118,0.22113803758463726,1.0,0.6363798901045647,0.4127443390139827,0.2494823161816183
3,622,0.0,0.2236147982140341,0.23466525352912296,1.0,0.47373577567511876,0.5930838157241671,0.5320363557015294
3,622,0.5,0.22286652346259592,0.23327324347765524,1.0,0.47354142948718325,0.5914860261040342,0.5322124646652754
3,630,0.0,0.2277604612872956,0.23685413568402314,1.0,0.8526393925869491,0.49894712652107276,0.4713041129359013
3,630,0.5,0.22558783272893904,0.23332579336496204,1.0,0.8303022820560739,0.49894554762086885,0.46928588975440877
3,631,0.0,0.2106559435483535,0.2192678273303222,1.0,0.09695484011592859,1.763885366339451e-06,0.016770557923611634
3,631,0.5,0.20996429322267693,0.2179787887429927,1.0,0.0977079849755764,2.0523404936094924e-06,0.017447821810014058
3,636,0.0,0.22359879117464213,0.2262759541983844,1.1381159092533176e-37,0.1467764945957925,0.763120236392714,0.08867979065715483
3,636,0.5,0.22251437437921498,0.22447740682760053,2.865219182975121e-18,0.1487483514642725,0.7565006690877302,0.08711981015672045
3,663,0.0,0.2049863762955192,0.21699423661113348,1.0,0.586596047084156,0.49733344340127034,0.4798943694025174
3,663,0.5,0.20441852056791351,0.21581833567999556,1.0,0.5870836701157865,0.4972051246936573,0.48019201039888465
3,668,0.0,0.2021037115999882,0.21388023057927244,1.0,0.685035346560057,0.4993883112531314,0.5045577936470643
3,668,0.5,0.2018134226741435,0.2132042376083423,1.0,0.6860098941591889,0.49938830058459166,0.5046340893111809
3,672,0.0,0.22412690875253732,0.23323377633179468,1.0,0.46336816925326957,0.38611677128879995,0.1281952083207062
3,672,0.5,0.22301523978866591,0.23140799951809746,1.0,0.47400751035851124,0.386256503593833,0.12817661763481158
3,788,0.0,0.2339806187775524,0.24410008150207455,0.0,0.9979764431853316,0.379294678458443,0.4704069001504137
3,788,0.5,0.2324275417386332,0.24193005868024933,0.0,0.9979485888908036,0.3871064252324025,0.47033650668438226
3,790,0.0,0.2196626323625501,0.22579913026794207,1.0,0.5775683251591672,0.024848019380392907,0.5497972584787485
3,790,0.5,0.21893174960983783,0.22464509476313832,1.0,0.5760527642028752,0.02483023182922387,0.5484593456396512
3,810,0.0,0.20335410752060218,0.2186369384909467,1.0,0.9340930252470262,0.004087439817079108,0.5582407688437423
3,810,0.5,0.2028246867421358,0.21749836399501962,1.0,0.933153134003273,0.004421835376937788,0.5560745819698781
3,885,0.0,0.20932606812444127,0.2302224399865011,0.0,0.021458541120992634,0.7073831971038297,0.6451775910600106
3,885,0.5,0.20862824869201205,0.22879599505806797,0.0,0.02584741216151987,0.7035502704873431,0.6439362415282031
3,886,0.0,0.21678805152468486,0.2213155844067871,1.0,0.8204501474598858,0.9875646647937056,0.8489863452846029
3,886,0.5,0.21619174704348984,0.2202885247078782,1.0,0.8187968662136905,0.9875571775321437,0.8486300553301561
3,917,0.0,0.21479717220542488,0.2270292250869574,1.0,0.36720149917630035,0.018050275375997026,0.1239019424117351
3,917,0.5,0.21361620474632131,0.2251612052102568,1.0,0.3633418850372586,0.01810626057811436,0.12597806367353892
3,985,0.0,0.20591492442905365,0.2152192728005975,1.0,0.5834461074681482,0.6389087078226179,0.4158195270367486
3,985,0.5,0.20543600396563136,0.2142828483195693,1.0,0.5852147715571027,0.6410040887171671,0.41644892407764084
3,993,0.0,0.20901450314781045,0.21638345629534209,0.0,0.9353101928013888,0.8240198796859086,0.4853856207687143
3,993,0.5,0.20830221615003836,0.21503744184904175,0.0,0.937161829009159,0.8381370736551095,0.4904073396699165
3,1052,0.0,0.2190697976045074,0.23452236516977187,0.0,0.0007617805886997298,0.0006853878476484993,0.042989480647078984
3,1052,0.5,0.21717634645510825,0.2311982708198115,0.0,0.0011962712822988046,0.0009595535418708425,0.04814929523495343
3,1062,0.0,0.19879256842573872,0.20826851426325646,1.0,0.7162498377569423,0.9518004231530023,0.6510319146282267
3,1062,0.5,0.1985281846562455,0.20772202708824145,1.0,0.7165690053028244,0.9517931004267361,0.650798926472578
3,1084,0.0,0.22649988114821867,0.2339876588630868,1.0,0.15866454814628606,5.222489107836736e-12,0.02479448437557179
3,1084,0.5,0.2252942219016353,0.23200647110564257,1.0,0.16280936787182704,1.0094591829101773e-11,0.02657078125884056
3,1129,0.0,0.2042488329884125,0.22350759990137223,0.0,0.0003480778829995336,0.036844522219602126,0.12717289973291493
3,1129,0.5,0.20362183989979352,0.2219717077981771,0.0,0.0005189553619996461,0.03684451632979908,0.1266873613801667
3,1143,0.0,0.2132126856089414,0.22285678919831142,0.0,0.9518018316753677,0.2967932993416986,0.18886166150123052
3,1143,0.5,0.21240801074198393,0.2213708653528399,0.0,0.9512130801181508,0.29682865532648356,0.18883681072476724
3,1207,0.0,0.20296899834498974,0.22337687275024862,0.0,0.004653847065629269,0.0010225758009567132,0.19263953886226123
3,1207,0.5,0.20245728521006637,0.2219956697853327,0.0,0.0063936546296099505,0.0010332638044149667,0.19721405401695413
3,1220,0.0,0.2141598159456005,0.22846003543163557,1.0,0.5190947057760352,0.4941159829774917,0.19677350674482105
3,1220,0.5,0.21351157088100708,0.22728746906291553,1.0,0.521740339824544,0.4941835757335866,0.19851502263167414
3,1308,0.0,0.2148712813699187,0.22364573703309298,1.0,0.5415282869409318,0.4560101490320921,0.10446386981528287
3,1308,0.5,0.21412313209296202,0.22238301865466037,1.0,0.5416971494317264,0.45603180584133685,0.10693511078910439
3,1369,0.0,0.20602743693850972,0.2200611025535681,2.4201042690595747e-149,0.6585230059394938,0.038333665558071564,0.5033532545412149
3,1369,0.5,0.20504166780503216,0.21826023905667022,2.6200933190540595e-158,0.6636452861679205,0.0384036427739238,0.4999091506255124
3,1423,0.0,0.20123546415952873,0.22066346626686767,0.0,0.0033177140330545238,0.0001082917905989743,0.23335775058203853
3,1423,0.5,0.20076876043487404,0.21940886374210838,0.0,0.004333059644391137,0.00010908220589392494,0.23658828262818618
3,1433,0.0,0.22019567961476952,0.2304601505751713,1.0,0.9018074580216463,0.49581677845555633,0.5002995956339475
3,1433,0.5,0.21886671263749238,0.22816624451021758,1.0,0.8909937325499622,0.49581288105865623,0.498830900659855
3,1442,0.0,0.2100761630546605,0.22181469303131773,0.0,0.4342438146546074,0.005909412945893533,0.20740758068596898
3,1442,0.5,0.2095628409691163,0.22080747539570536,0.0,0.4377290899768128,0.0066509365793568365,0.2068568200802809
3,1455,0.0,0.20786543909512134,0.2249657185773902,1.0,0.5191217981965522,0.5610267743988422,0.3343362350907885
3,1455,0.5,0.20721709565262253,0.22378020608480556,1.0,0.513129050038655,0.5453930624494006,0.3310941949259722
3,1464,0.0,0.22256942300286955,0.23536765763342965,1.0,0.27409071654909256,0.35051626569271277,0.5022957216730108
3,1464,0.5,0.22086266209907685,0.23274713486621842,1.0,0.27412619054460396,0.38607108630424736,0.49333277440919143
4,24,0.0,0.08610118122820358,0.08705547982424118,0.0,-1.1350857435044425e-24,0.0007881606450506242,0.09318243183778102
4,24,0.5,0.05285853772705342,0.02706096311370854,0.0,-9.174841010404569e-25,0.0007882197786838491,0.09288582723785525
4,58,0.0,0.06943222841319782,0.032876339189893515,1.0,-0.0003371288960117255,0.21791959181123854,0.07941003201619143
4,58,0.5,0.06894926879435291,0.032273328680589984,1.0,-0.0003376261200246791,0.21799350239143672,0.08006352610574335
4,62,0.0,0.08539951836218052,0.08243589781852138,0.0,1.3499535184495673e-08,0.09593484432531763,0.09601083283960016
4,62,0.5,0.08492431697462377,0.08112168535142938,0.0,1.2277475582810549e-08,0.09035043488706268,0.0967003963330143
4,72,0.0,0.08687908199317229,0.08705576812449352,0.0,-3.437122499855672e-22,1.8236005119479091e-06,0.055100795636254585
4,72,0.5,0.08683064593038353,0.08705575929922386,0.0,-3.437122499855676e-22,1.0206538830672404e-06,0.06336070413161765
4,87,0.0,0.0854045470823722,0.08705525183951333,0.0,-1.5661172964931302e-25,0.0,0.06465099258178614
4,87,0.5,0.040690806772468294,0.025160312451603103,0.0,-1.555931640333813e-25,0.5,0.05332862294331149
4,173,0.0,0.08194638761362025,0.08704638713850509,0.0,-2.5322011364003533e-20,0.0036987367272809093,0.015293203856308044
4,173,0.5,0.03724887692423008,0.02661529150084156,0.0,-2.4794851036647888e-20,0.003701119152212862,0.02587281812174566
4,191,0.0,0.08655911241143097,0.08705575378920549,0.0,1.2235861716201256e-26,0.46510015034587227,0.12123649247710697
4,191,0.5,0.050999573339775985,0.027130904159857142,0.0,2.187433736253652e-27,0.49356306032296055,0.010245384139180965
4,235,0.0,0.08692366579050664,0.0870557646793499,0.0,-1.870004002265238e-19,0.0,0.0
4,235,0.5,0.08692037793667114,0.08705576409796739,0.0,-1.8705729666523748e-19,0.0,0.0
4,260,0.0,0.08356207529447215,0.08705416968946844,0.0,-1.1163799272417683e-14,0.013087385461610257,0.022324378653561516
4,260,0.5,0.03526407328248538,0.027287520226358015,0.0,1.4446525379293325e-13,0.269928889948599,0.060206701788671324
4,279,0.0,0.08666747931322548,0.08705575178602686,0.0,3.5394941607162856e-22,0.0,0.01846354163657611
4,279,0.5,0.08652252789729793,0.08705568946605799,0.0,1.3791920757810173e-22,0.0,0.01783372359655519
4,300,0.0,0.08689783516750282,0.08696031149257086,0.0,6.829667083621397e-08,0.4991515808940223,0.14958169536013705
4,300,0.5,0.086851999966433,0.08686509576026673,1.4014983586364088e-301,2.1823193516513812e-07,0.49899247319327694,0.14859029892128156
4,311,0.0,0.0756246707280325,0.04184407698917316,0.0,7.760349491222044e-05,0.07028379541348295,0.10481578088150649
4,311,0.5,0.07552053229960616,0.04159478909515952,0.0,7.876897696912404e-05,0.07074672879809418,0.10477279795255619
4,314,0.0,0.08652034665491037,0.0870557443812036,0.0,-5.294639884337602e-21,0.00015734811476326074,0.41060764934069455
4,314,0.5,0.0520992233831252,0.026910353527993234,0.0,2.0635671501055117e-22,0.00012695675431945164,0.079826028707639
4,324,0.0,0.07428071448524301,0.05392058396646686,-3.169485822877982e-89,-1.86303867059791e-06,0.002508667586876012,0.16770399889766044
4,324,0.5,0.0727848235619891,0.052172294340845735,-3.169485822877982e-89,-2.2968332886898772e-06,0.002422339711538657,0.16787262502548553
4,328,0.0,0.08676033818977975,0.08705569584208189,3.520148061376125e-201,1.9909970423396776e-11,0.30576648428176467,0.2643628217578162
4,328,0.5,0.0866739588023033,0.08705561340607704,1.0409660583958963e-216,9.40615894188159e-12,0.24472565594884582,0.25751273704979566
4,343,0.0,0.08688536893084543,0.0870557695362364,0.0,-2.922187459199449e-19,2.607059034349463e-07,0.07455470809703488
4,343,0.5,0.08686750995592422,0.08705576827878576,0.0,-2.91952385547289e-19,2.6175306803845756e-07,0.08179452273038024
4,364,0.0,0.0826740936953526,0.07228013540519203,0.0,5.282686896572341e-16,0.007701895906194911,0.030255888658095864
4,364,0.5,0.08190597953395949,0.07014985885417677,0.0,6.308106248720161e-16,0.008679838531300277,0.03062800333655047
4,368,0.0,0.07978812410442651,0.08703359464362954,0.0,-1.3319362162653924e-20,4.227576105907436e-06,0.027344356983462215
4,368,0.5,0.03417650315779725,0.02692263882979413,0.0,5.780910137464116e-20,6.895987458221953e-05,0.0
4,391,0.0,0.08493704561367875,0.0870551553137623,0.0,-5.967050282841705e-32,0.010033706499063488,0.279626495349574
4,391,0.5,0.04535517360552811,0.026990911213114605,0.0,-5.905657135097522e-32,0.0,0.10216192912484223
4,428,0.0,0.08618524093382268,0.08705533402427527,0.0,-4.617079137393383e-15,0.0,0.07757583378148526
4,428,0.5,0.08556272626870086,0.08704604978806577,0.0,-4.617079186457216e-15,0.0,0.031283680127174474
4,436,0.0,0.08563787657766782,0.08705539058498635,0.0,-2.1035764968568988e-20,1.7356689777736515e-06,0.0
4,436,0.5,0.047545853374970075,0.027304972719466983,0.0,6.814067578814325e-18,7.281039640854027e-06,0.014586802648497973
4,447,0.0,0.08166395586839764,0.08704547399019988,0.0,-7.0419916176201e-14,2.770261476410397e-05,0.006082153198211412
4,447,0.5,0.03455196586415991,0.02717978505639712,0.0,-7.041690782405213e-14,2.768830542645053e-05,0.005202722262941293
4,473,0.0,0.08645919091378992,0.08705570647742775,0.0,-2.6134083488002395e-15,0.0,0.04401820721153604
4,473,0.5,0.05332185183857192,0.027399029256250186,0.0,-2.6133883883746558e-15,0.06302931906861581,0.04457599843865262
4,528,0.0,0.08679663572591235,0.08705572622191307,0.0,-8.805765147067015e-16,0.0,0.0
4,528,0.5,0.0867469814001524,0.08705571038766519,0.0,-8.805764968467721e-16,0.0,0.0
4,530,0.0,0.08315946959472958,0.08705261917144104,0.0,-1.8687538890030895e-14,0.0,0.015428043238585265
4,530,0.5,0.035391163511604186,0.02673735372677615,0.0,-1.8719228957746642e-14,0.0,0.0
4,572,0.0,0.08701678497968846,0.08705577136386557,0.0,-3.6088879552467315e-26,0.02896382016457905,0.03822073411810948
4,572,0.5,0.08701640981836738,0.08705577132395838,0.0,-3.608887955502772e-26,0.027347228130575066,0.038089772147007345
4,622,0.0,0.08668434693131147,0.08705570837263368,1.0,-3.8686277856903015e-11,0.399771295049131,0.15894522789331436
4,622,0.5,0.05272100623862877,0.026817901231469942,0.0,-2.37953884824369e-11,0.40687299528876403,0.14498592297701557
4,630,0.0,0.08609772859490819,0.08705572090752192,0.0,-1.1592809630799514e-12,0.4988457407608034,0.11430289154024886
4,630,0.5,0.04639990957581056,0.026957858483623327,0.0,-1.159279189514117e-12,0.4962578825111616,0.015532928293178372
4,631,0.0,0.0868481202849872,0.08705574584162823,0.0,-2.6839591283177254e-23,0.0,0.005394640166429456
4,631,0.5,0.0868123192459188,0.08705573917522856,0.0,-2.6839591283177254e-23,1.5034478986079667e-08,0.005536660555721529
4,636,0.0,0.0870376808773898,0.08705577313538121,0.0,1.4371958981644598e-26,0.023485704309967936,0.04637143588550752
4,636,0.5,0.08703692749635365,0.0870557731313112,0.0,1.333010284395885e-26,0.02612756964460594,0.046027493574781086
4,638,0.0,0.0856421218810559,0.08705534329468997,0.0,-1.0466930967835481e-14,2.0363700087178138e-05,0.04447081412364985
4,638,0.5,0.04458030075484137,0.027410081899829453,0.0,-1.0466930923957848e-14,1.0440287351531907e-05,0.014602586007359086
4,658,0.0,0.08703625719267487,0.08705577271022366,0.0,-3.6498991065480247e-09,0.002289955228242213,0.0
4,658,0.5,0.08703612436895941,0.08705577271709294,0.0,-3.653882001021138e-09,0.002322182656189997,0.0
4,663,0.0,0.08644408393369611,0.08646082067103994,0.0,9.957683174261805e-15,0.03391865666474447,0.14298875170079872
4,663,0.5,0.08553624108432804,0.08280473730782892,0.0,3.1228290099670197e-12,0.0254454818232715,0.1963095316391834
4,668,0.0,0.08530322726906432,0.08705414527746225,0.0,-6.687889390383294e-24,0.48637793572638716,0.3529851036083101
4,668,0.5,0.046792575363690976,0.026528155389047098,0.0,2.080371657241623e-23,0.11134251883508023,0.33258212630386824
4,672,0.0,0.08701987030536538,0.08704532563681674,5.161593058095753e-305,0.00012221688230958054,0.17112977617531613,0.003312319570242195
4,672,0.5,0.08701934235193692,0.08704485081348397,4.97455809310633e-305,0.00011893004729212015,0.16940202386070247,0.0032316185033903766
4,673,0.0,0.0863609924021562,0.08705552754514584,0.0,-2.038143438996585e-23,6.676491700241808e-09,0.49935631506227496
4,673,0.5,0.06807292113480269,0.027941604226943924,0.0,1.167833389013662e-20,1.2424400841850613e-36,0.49969115589801727
4,704,0.0,0.08539223741300853,0.08165352413087523,0.0,-9.145461695930197e-06,0.25012615030834706,0.04842171231784142
4,704,0.5,0.0850613419247994,0.08088586943163009,0.0,-9.15503899419591e-06,0.25012615030834706,0.04852599069957961
4,788,0.0,0.08695164931027906,0.08705577141854394,0.0,-5.232859426316486e-19,0.0,0.025248086015224144
4,788,0.5,0.08694925529699843,0.0870557712691558,0.0,-5.232892184784597e-19,0.0,0.024998495297497054
4,789,0.0,0.07975428863481565,0.07262233635741272,0.0,1.9800912181732502e-08,0.0599102188939693,0.21106152130091313
4,789,0.5,0.078123502906697,0.07104987699376726,0.0,5.829687374936671e-08,0.06945885229251864,0.21527875027246962
4,790,0.0,0.08693738883567155,0.08705576710768964,0.0,-6.417459987286803e-29,0.004810042399835854,0.29505517722634145
4,790,0.5,0.08691272346900838,0.08705576368647536,0.0,-6.417514131096237e-29,0.004864045742990472,0.29644396193940026
4,792,0.0,0.08687186879236648,0.08699491572113444,0.0,-8.722668239853805e-12,0.4501461193532425,0.29744594191057755
4,792,0.5,0.08684634842509013,0.08694129752225963,0.0,-8.720883506063041e-12,0.43295239897266535,0.30768080592710045
4,810,0.0,0.0814780534591755,0.08703184398515887,0.0,-1.0831934753591683e-16,0.00011981842862920613,0.1988147232544163
4,810,0.5,0.03579046918959906,0.026835498771825787,0.0,-1.0831895687445521e-16,0.00011755258721204577,0.10476009380629375
4,885,0.0,0.08327661988567164,0.08704925696515314,0.0,-2.6352925053340327e-15,0.276909712646887,0.171150479817045
4,885,0.5,0.03933780301814959,0.026934940963777673,0.0,-2.6352785562003445e-15,0.0015787577044442669,0.15342422685012175
4,886,0.0,0.0870345019089866,0.08695262406623698,0.0,2.3064965839843733e-14,0.4853122708832205,0.38620265074547677
4,886,0.5,0.08703183712577137,0.08693230386475354,0.0,3.509895719729197e-14,0.4844867729357619,0.3827000968626446
4,917,0.0,0.08547696749679812,0.08705551316152609,0.0,-6.603314238941098e-15,0.0,0.034111409791868275
4,917,0.5,0.042512019640049276,0.027262848595791502,0.0,-6.490263153015846e-15,5.0381618901917946e-05,0.06171770049637443
4,985,0.0,0.08618800042916178,0.08456382227780233,0.0,2.1653596581490603e-08,0.055691893867817956,0.129830959488794
4,985,0.5,0.08556809417595534,0.08246489180370713,0.0,2.1421923414215106e-08,0.11038256984605006,0.1315566545683965
4,993,0.0,0.08689233822227181,0.08677621426311148,0.0,1.035801403418816e-11,0.4974725211193956,0.020359814160139433
4,993,0.5,0.08671861271732759,0.0861334325667083,0.0,5.113529671929607e-11,0.496862610472143,0.03276617591710812
4,1052,0.0,0.08488900303587522,0.08705495377512616,0.0,-3.58097366253322e-15,2.6778196917382062e-05,0.005728007064792272
4,1052,0.5,0.04196308141856111,0.02727121230712688,0.0,-3.578231120834663e-15,2.8161133040592076e-05,0.005160711803313553
4,1062,0.0,0.07871114114974846,0.059089349939809,0.0,3.1980894386860646e-08,0.29071018753667077,0.14974404608469893
4,1062,0.5,0.07836215015131112,0.058355471503755064,0.0,3.40055673941931e-08,0.2922415460785157,0.15057408371150705
4,1084,0.0,0.08701517854853519,0.08705577274053207,0.0,-5.763301021657888e-23,0.0,0.0007552396124070192
4,1084,0.5,0.0870133825720347,0.08705577273928285,0.0,-5.763301021675487e-23,0.0,0.0007757842675110444
5,87,0.0,0.42432382523089507,0.4420310062838872,2.672325747596703e-07,0.004050748691418558,0.5001722803747903,0.21345410480200067
5,87,0.5,0.42378692998318973,0.4408297914353474,4.23694796659737e-07,0.005018499746602355,0.5002360801784209,0.22248999591772795
5,328,0.0,0.4213004267365655,0.42899646804874275,0.9621837029163309,0.6336633074856284,0.99712049505974,0.3542041297903758
5,328,0.5,0.42082664785976676,0.4280020539007808,0.9621836901620627,0.6338965723048993,0.9970805609108773,0.35328114470164673
5,391,0.0,0.4314955923932051,0.4489555836297848,1.2904338512608058e-07,0.0010106916888799884,0.8934245215515634,0.34504940461757916
5,391,0.5,0.43103087172881865,0.4479679324298129,1.8409950939664277e-07,0.001183271038837936,0.8955811439601481,0.346293421482991
5,638,0.0,0.41778743841355953,0.42649776229366965,0.9946273345393893,0.8839811541730067,0.49399777160394265,0.3213873819317101
5,638,0.5,0.4173681113777283,0.4255570202750929,0.994819134279789,0.8849532103256681,0.4941584818359294,0.323816878286874
5,658,0.0,0.43074588955067245,0.43847341901485903,0.7173657202860078,0.5537163786875181,0.4721954190245375,0.22943454421639825
5,658,0.5,0.4301635104578449,0.43728539351891443,0.7173657045457589,0.553249476290427,0.47182680131079485,0.23026372277916965
5,673,0.0,0.4101064164749081,0.4170134888813235,0.9586360768462853,0.8845146913185536,6.609225795479311e-09,0.5070887008499704
5,673,0.5,0.4098773381620049,0.4164866066386377,0.9586360768411967,0.8839910248504134,6.590840383426952e-09,0.5067356331076819
5,789,0.0,0.40751893531108246,0.4160204346437447,0.9999615474333384,0.0754999590583102,0.49233808866692763,0.3054532573968184
5,789,0.5,0.4073860173148022,0.4156775037259201,0.9999615455294868,0.07681989790628307,0.49255016345968733,0.30592224136823964
5,1220,0.0,0.41697655730783256,0.42470677364112647,0.9924620841449832,0.7551683272174581,0.4997841915273058,0.2806540849235049
5,1220,0.5,0.41667185075798047,0.4240622300378046,0.9924620841196696,0.754612748214396,0.4997742649794421,0.2810899678638754
5,1524,0.0,0.4321749658147932,0.44935312160654944,2.660110302915335e-08,0.0002355776234018855,0.8817013636164284,0.33721803631388364
5,1524,0.5,0.43162823580211074,0.4482417180474139,4.219856469810511e-08,0.00028827225621535623,0.8807114218961956,0.3374109970620299
5,2973,0.0,0.4289210703197713,0.4462738035628251,3.256731804826203e-07,0.003518869456436452,0.8026828204130668,0.3946570247585509
5,2973,0.5,0.42852445425298635,0.4454079792794008,5.301857490555102e-07,0.003966574074424629,0.8043410533167659,0.3959017598379563
5,3068,0.0,0.4163774119119491,0.4237510490510036,0.29127956100281627,-0.02774106112176067,0.2630935337558936,0.27360428785391766
5,3068,0.5,0.41603505393178286,0.4230356230887274,0.29127954447786386,-0.02753533469067293,0.27172899458808575,0.2737244012169621
5,3133,0.0,0.42324395641956136,0.44047798679491756,1.8074537622106603e-06,0.01309433074065353,0.5,0.41071551715200166
5,3133,0.5,0.4228034987562863,0.4394915529652069,2.4575106801168177e-06,0.014862005388160996,0.5,0.41312446331209246
5,3283,0.0,0.4135382750351646,0.431797601171248,1.205810047792105e-05,0.009237035680608456,0.6977009852948145,0.19258020094323453
5,3283,0.5,0.4133890912952628,0.4313742402578285,1.3628921623962121e-05,0.01001412655130694,0.6850590003075918,0.19899306696025604
5,3703,0.0,0.40910294949663856,0.4175608983966471,0.9996419455067828,0.3752574858094583,0.49915582710059947,0.4014810767548723
5,3703,0.5,0.4089337574313372,0.41716539137470243,0.9996419452682287,0.37529160212798107,0.4991630123842938,0.4024531117497292
5,3939,0.0,0.41275167087556713,0.4202605106177909,0.9422949301632703,0.7992377824049876,0.5738816249652245,0.49535781860567246
5,3939,0.5,0.4125236107174875,0.4196906431194725,0.9448044409536008,0.8005007593992723,0.5781609593534109,0.49535723373385887
5,4473,0.0,0.41274757827332953,0.42016914581026404,0.9996958331725406,0.381772271504736,0.4960663738931103,0.253791050322593
5,4473,0.5,0.4124987325817366,0.4196181055328117,0.9996958328919675,0.38166428165879396,0.49618426716667957,0.2541679651618287
7,24,0.0,0.11405956144874935,0.1209661807448052,0.0,-7.070914184472495e-36,0.0007882419029257828,0.0931889686267325
7,24,0.5,0.04295015182734708,0.0038168218558683287,0.0,2.153004317229462e-36,0.0007882084843037237,0.09285487817824846
7,58,0.0,0.08805725867705255,0.049805251278420164,6.23896332271886e-60,-1.2719800824812663e-07,0.46640101522803157,0.13300897903234027
7,58,0.5,0.08589011424886797,0.046452922685542165,1.2598910313792297e-69,-1.0096100758856225e-07,0.4680975909638782,0.13325834116709365
7,62,0.0,0.10129339164293313,0.0724226940841835,0.0,7.724338625891785e-05,0.006679544779422453,0.10260401365191468
7,62,0.5,0.10007641094052394,0.07080222453405145,0.0,8.589741656118403e-05,0.006133389069269357,0.10273780682929995
7,72,0.0,0.11288955658452873,0.11044833657282034,0.0,9.010983909534911e-06,2.559387762279819e-07,0.1247424500309458
7,72,0.5,0.10709955755312574,0.10473873846788923,0.0,9.15514572031657e-06,7.028194964342482e-07,0.13384676887349511
7,87,0.0,0.09586209963003336,0.10232484616975782,0.0,1.2189376906183165e-06,2.505336222369259e-07,0.018708127776015437
7,87,0.5,0.07819552452788396,0.09036397814755762,0.0,2.6508764385603358e-06,0.5000001170929715,0.021021002625257634
7,173,0.0,0.08407321793553878,0.09704268273217223,0.0,6.260628181012504e-27,0.00243871118830516,0.09701956776632276
7,173,0.5,0.031433081867369234,0.0018335887675677252,0.0,-9.783733327799048e-29,0.003643820068877297,0.030865487723045648
7,191,0.0,0.11737864942501387,0.12104697041185067,0.0,-1.8253684282463462e-23,0.47470825061323424,0.1156492854749097
7,191,0.5,0.04350918205886949,0.0033935245017104793,0.0,-1.4844956211087808e-23,0.4935619920270883,0.0102858345146232
7,235,0.0,0.11850251766396183,0.12103681109874159,0.0,-2.419474143848528e-27,0.0,0.0
7,235,0.5,0.10572416444609861,0.08032653179023751,0.0,-2.4194740993396888e-27,0.0,0.0005433230679017798
7,260,0.0,0.10722403515026874,0.11953850887132929,0.0,-5.872090152396455e-08,0.2763991745311478,0.11245697217998912
7,260,0.5,0.020048003985906362,0.004505285103531582,0.0,7.074972865603795e-07,0.24737053435829098,0.056848721706327154
7,279,0.0,0.114099296874434,0.11527601197415598,0.0,4.4409682694555736e-23,0.00041836932814076633,0.07281139142728713
7,279,0.5,0.10351856300084643,0.11304543885920351,0.0,1.2754330250525083e-24,0.00030820718740126596,0.06338094907740055
7,300,0.0,0.11491106707730418,0.1089964068488462,0.0,1.3121373711610688e-08,0.4929259654428829,0.18055117809182533
7,300,0.5,0.11290621936118816,0.10550106949796731,0.0,2.014766401092059e-08,0.49105880281054404,0.17589008413911938
7,311,0.0,0.11483267225550495,0.11324066929876946,0.0,-0.0018626237533354837,0.008265313702024622,0.11101730806189769
7,311,0.5,0.10811811074446029,0.10549323204784805,0.0,-0.0018616957375422233,0.008411949665911037,0.1066123938522841
7,314,0.0,0.08845901185773021,0.04324245755226273,0.0,3.952562122445501e-08,0.007946815047865374,0.3160049585509351
7,314,0.5,0.08694655757183659,0.04063475242662979,0.0,3.8941669966806896e-08,0.008086228733895084,0.3122170554163754
7,324,0.0,0.09207233070727688,0.08922824340435914,1.8227644572577322e-290,-0.00401470068310783,0.48644961400946835,0.3422766721195296
7,324,0.5,0.08876389386286522,0.08767118212176499,7.399982508031008e-302,-0.00403726805213467,0.48063760321296933,0.33741615992088914
7,328,0.0,0.11718042137584223,0.12101070925491413,1.60058748988355e-158,-9.932828733457245e-12,0.3620728582716424,0.22091846226836556
7,328,0.5,0.07355058125638667,0.015066573867286813,0.0,1.9178751484982955e-11,0.5,0.11424193782214004
7,343,0.0,0.11900436238914873,0.12106126511465798,0.0,-1.344083189531595e-23,2.6232538389640165e-07,0.08345688821908989
7,343,0.5,0.0625936630365628,0.004447389220827603,0.0,8.236016306706435e-23,5.7695209124131175e-06,0.0012157649188597186
7,364,0.0,0.11405219818487888,0.12082621888581692,0.0,2.741590062187545e-11,0.07232608950797592,0.03647676213662754
7,364,0.5,0.05502391666791426,0.004780599609486932,0.0,2.8629545397728108e-11,0.21591939592721746,0.029516850569209552
7,368,0.0,0.09629688833616241,0.11976397188475449,0.0,1.6835476215743268e-55,6.6709855540276896e-06,0.033817407834651814
7,368,0.5,0.01761313606549892,0.0037949691332954606,0.0,3.440168646619486e-44,5.9262548935457016e-05,0.0
7,391,0.0,0.09717364726085907,0.0976389501588926,0.0,5.397397305560115e-08,0.0,0.22629160168863804
7,391,0.5,0.08242902651402279,0.08921595604607252,0.0,2.9014123880195942e-08,0.0,0.19970680696331383
7,436,0.0,0.11167947763967494,0.12084367902586574,0.0,-3.1185703689078446e-23,1.735596910093817e-06,0.014455118321072463
7,436,0.5,0.037229844606010205,0.004373697215850371,0.0,-2.221838221737272e-23,7.811921765547891e-06,0.014419682291002073
7,447,0.0,0.10212799737000373,0.12044573294047321,0.0,-2.3330236271227596e-28,2.770185213956258e-05,0.006017968383884713
7,447,0.5,0.017375426412325357,0.002655954871573176,0.0,-2.333023622029512e-28,2.7685974412737066e-05,0.005168495635341913
7,473,0.0,0.11627218981472325,0.12102395822956485,0.0,-9.273424184847873e-16,0.0,0.029088058064617894
7,473,0.5,0.04490125233032797,0.0031573154583115514,0.0,-9.130747794981878e-16,0.06397452050082464,0.05047622683291539
7,528,0.0,0.11709109143565256,0.12057047243148522,0.0,8.581561484986132e-31,0.0,0.0
7,528,0.5,0.07744351320717849,0.01993078445266542,0.0,-1.9101826837548578e-38,0.0,0.010450479419057468
7,530,0.0,0.10175356117119701,0.1163812789119632,0.0,3.6755142384866143e-17,0.0,0.0
7,530,0.5,0.019893411723684824,0.002416273481647607,0.0,-4.702682740778962e-18,0.0,0.0
7,572,0.0,0.11992326321054929,0.12106320816039741,0.0,2.98332306509803e-55,0.00036801425854495937,0.021593706708752873
7,572,0.5,0.11960215403306729,0.1210563555946801,0.0,1.1639920142259804e-56,6.48055559512141e-07,0.010489630860271049
7,622,0.0,0.1162820972355262,0.12098531900152791,0.0,6.408514933302079e-11,0.41287388135350767,0.17561049873130932
7,622,0.5,0.04965603893112836,0.001324100464710978,0.0,6.074622540013687e-10,0.4068755446381936,0.14471704348272513
7,630,0.0,0.11578634788994169,0.12104308327406237,0.0,-1.5378355167321614e-19,0.49888311557509757,0.1400682825797927
7,630,0.5,0.04086775083552217,0.005370297249510235,0.0,-1.4849926417845671e-19,0.49629649722264724,0.018469990581334195
7,631,0.0,0.11812348554468119,0.12104393444587866,0.0,-4.173442999278533e-27,4.383985616303274e-08,0.005707138312642886
7,631,0.5,0.0643313860283435,0.0031385684797359736,0.0,-4.162767498899572e-27,2.196480036061929e-08,0.003794636629898401
7,636,0.0,0.12052323031402323,0.12106680909976004,0.0,-1.2314915062211918e-24,1.4426440821224684e-05,0.0
7,636,0.5,0.12016239616626158,0.1210608971122891,0.0,-1.5401109765879493e-24,9.860220856472424e-06,0.0
7,638,0.0,0.0976778839401057,0.0941195218998665,0.0,0.003365818273130595,0.044513740975805294,0.06635690822881057
7,638,0.5,0.09516779740069133,0.09340486508269229,0.0,0.0036750014001928726,0.041843089976338455,0.06454123045096866
7,658,0.0,0.11949102556219124,0.11851133577759913,0.0,6.980574150003675e-05,0.08090001839809247,0.04654543193600469
7,658,0.5,0.11892967885466987,0.11738890654058846,0.0,9.552371538701409e-05,0.0841700385633028,0.04804099463650868
7,663,0.0,0.08742266146055203,0.07063273103623442,0.0,0.0009381790327786039,0.07737323733942303,0.22988615788217553
7,663,0.5,0.08654980519057423,0.06842167482973176,0.0,0.0008329665589750885,0.07613653001816689,0.2286164936366218
7,668,0.0,0.1082252569109592,0.12056318027261687,0.0,-1.0504441572010621e-38,0.374635652705058,0.3487278060167412
7,668,0.5,0.03672368446766977,0.003152379850879465,0.0,-1.0504441395510111e-38,0.03069292838196841,0.27028851929004694
7,672,0.0,0.11648699729273035,0.1120851706075868,3.1883351730452123e-285,0.009813846267030213,0.32280173368205994,0.0
7,672,0.5,0.11565096531205689,0.11134943540386803,9.179096998011742e-299,0.008712300687609384,0.305754469899258,0.0
7,673,0.0,0.08871629413603613,0.049621947910327494,0.0,1.3486384710612188e-14,1.2424400841850613e-36,0.4991396476936877
7,673,0.5,0.0872315660065649,0.04725052120475747,0.0,1.3133246129796795e-14,1.2424400841850613e-36,0.49916707991697196
7,704,0.0,0.10014304040463679,0.06813569466330727,3.316218141623712e-157,-0.00038655856795911567,0.012707269209019182,0.06782145543500395
7,704,0.5,0.09927578596223795,0.06645319446430933,1.617812361656418e-160,-0.0003811763514142711,0.013354298718623285,0.06730961811276628
7,788,0.0,0.11951723600461846,0.1210645425963244,0.0,-1.8209084939947345e-35,0.0,0.013429086945862133
7,788,0.5,0.11784309671526434,0.12099022792597022,0.0,-1.3121019798930538e-35,0.0,0.0042368751070484545
7,789,0.0,0.08644722995689323,0.06449434573496901,0.0,0.0002762291412295441,0.0011795122267742042,0.11683870038944313
7,789,0.5,0.08342225627929217,0.06007118090238924,0.0,0.000271197025175169,0.0014088632820811742,0.12252835535777956
7,790,0.0,0.11198063429889822,0.09635819811976272,0.0,7.536514781709844e-07,0.0035476817532022137,0.119934674081245
7,790,0.5,0.1112148132992155,0.0951017629731552,0.0,1.1042180798670723e-06,0.003409580388098189,0.12010638307401988
7,792,0.0,0.10947379704750537,0.09903581797342208,0.0,1.999245602847723e-06,0.088948751488724,0.16174165821460146
7,792,0.5,0.1077733481658433,0.09690685082855491,0.0,2.334976356703439e-06,0.07210338019335599,0.16069007895631637
7,810,0.0,0.08100513298068603,0.08746447135114294,0.0,1.7568807833151515e-22,0.000716172090060585,0.18398825890009543
7,810,0.5,0.05392481744730754,0.07706030892070259,0.0,7.033177428100967e-24,0.00019658356087171036,0.15237023059695792
7,885,0.0,0.10251355413998324,0.12024034011512424,0.0,-2.0176900521161636e-16,0.18063038175615242,0.18494610054595004
7,885,0.5,0.025554623039467508,0.004907635003864766,0.0,-2.01768996331336e-16,0.0016769107743253575,0.15870437134395476
7,886,0.0,0.112642302713438,0.09924399809438098,0.0,3.215470071712486e-05,0.6446286225775633,0.6487209785105459
7,886,0.5,0.11218356957201428,0.09825842922273426,0.0,3.5931401920117703e-05,0.6410337365831663,0.6408043382898819
7,917,0.0,0.11357885745173543,0.12099434552074619,0.0,-1.4303036128286532e-07,0.0,0.02961339578868105
7,917,0.5,0.03169120421903993,0.0024898110625511853,0.0,1.02692354061924e-06,5.2168938445562585e-05,0.06168670831696044
7,993,0.0,0.11637083034087667,0.11469576339539811,0.0,2.7076109402555943e-06,0.4264218349942504,0.10291593996628845
7,993,0.5,0.11496869350755252,0.1128954133322688,0.0,5.069349075834785e-06,0.422992731068982,0.11077994335804764
7,1052,0.0,0.11003946317246963,0.12088488692927059,0.0,-3.420678216542568e-31,2.599754399108496e-05,0.005797834130714404
7,1052,0.5,0.030032556043127663,0.0033171584635652922,0.0,3.5477421308382987e-31,2.813655694467573e-05,0.005106735795151183
7,1062,0.0,0.09537976718816536,0.07546967201790714,3.1137992032823013e-251,0.0003818998318177911,0.6052867034438478,0.37876075118795294
7,1062,0.5,0.09402466153616815,0.07228197605192335,1.278652141880085e-248,0.00037283621801713834,0.6019460705079842,0.366946158070247
7,1084,0.0,0.12021328789126154,0.1210659725822847,0.0,5.743602655371955e-23,0.0,0.0015658555064309945
7,1084,0.5,0.09690871727308843,0.040207465710612025,0.0,-1.0157358822285835e-25,0.0,0.004149531087849291
7,1129,0.0,0.08418184093727167,0.09769795408165108,0.0,1.767633374382011e-20,0.03652024509771373,0.0438440239904455
7,1129,0.5,0.06022430944200138,0.08456965014010866,0.0,1.651915188239378e-21,0.03649096583993462,0.05316041044191039
7,1143,0.0,0.11219377428929654,0.11938457399737328,0.0,8.119187580677839e-15,0.2949135752819576,0.03353401052820487
7,1143,0.5,0.033657169850020686,0.0037155991079560265,0.0,-2.4359149127773954e-21,0.27834516616782723,0.040745922731374395
